{
  "longitudinal_crack": {
    "tp": 1,
    "fp": 92,
    "fn": 115,
    "precision": 0.010752688172043012,
    "recall": 0.008620689655172414,
    "f1": 0.009569377990430623
  },
  "transverse_crack": {
    "tp": 0,
    "fp": 2,
    "fn": 56,
    "precision": 0.0,
    "recall": 0.0,
    "f1": 0.0
  },
  "alligator_crack": {
    "tp": 0,
    "fp": 4,
    "fn": 30,
    "precision": 0.0,
    "recall": 0.0,
    "f1": 0.0
  },
  "repair": {
    "tp": 0,
    "fp": 0,
    "fn": 13,
    "precision": 0.0,
    "recall": 0.0,
    "f1": 0.0
  },
  "pothole": {
    "tp": 0,
    "fp": 0,
    "fn": 26,
    "precision": 0.0,
    "recall": 0.0,
    "f1": 0.0
  },
  "macro_average": {
    "precision": 0.002150537634408602,
    "recall": 0.0017241379310344827,
    "f1": 0.0019138755980861247
  }
}